,avg time,avg L1 error
cophy-pgnn_cuda,0.0372990220238877,187.85583044771764
numpy_eig,31.221106569802277,7.714402869361634e-06
torch_cuda,13.891260997909825,6.821138708253749e-13
scipy_eig,29.998622392582934,0.0007538649208909414
scipy_sparse_eig,0.9563353273832267,0.004418412524066934
